{
  "sample_analysis": {
    "Revenue": {
      "best_year": 2021,
      "best_corr": 0.920461398919952,
      "best_scale": 1.0593
    },
    "COGS": {
      "best_year": 2017,
      "best_corr": 0.928323747473611,
      "best_scale": 0.5719
    }
  },
  "sample_ratio_mean": 0.8592378335771897,
  "anchor_vs_sample": {
    "Revenue": {
      "global_ratio": 1.3743849620186335
    },
    "COGS": {
      "global_ratio": 1.3620479790498394
    }
  },
  "historical_ratio_profile": {
    "1": 0.8067453483654217,
    "2": 0.8107711256941019,
    "3": 0.8339739841519853,
    "4": 0.8624131897179086,
    "5": 0.8069462697980969,
    "6": 0.816315636530822,
    "7": 0.9635952024225601,
    "8": 0.989082513047922,
    "9": 0.9083029566148485,
    "10": 0.81603581540972,
    "11": 0.8509293195869139,
    "12": 1.001061816604587
  },
  "num_candidates": 15
}